Pathway_ID,Pathway,Pathway_Hierarchy,Uniprot_IDs,Genes,GO_Annotations,Gene_Count
1,Gluconeogenesis,Metabolism > Carbohydrate metabolism > Gluconeogenesis,"P00358, P00359, P00360, P00560, P00924, P00925, P00950, P12709, P14540, P22133, P53615, Q04401","TDH2, TDH3, TDH1, PGK1, ENO1, ENO2, GPM1, PGI1, FBA1, MDH2, NCE103, SDH7",GO:0000015 (phosphopyruvate hydratase complex); GO:0004089 (carbonate dehydratase activity); GO:0004332 (fructose-bisphosphate aldolase activity); GO:0004619 (phosphoglycerate mutase activity); GO:0004634 (phosphopyruvate hydratase activity); GO:0006094 (gluconeogenesis); GO:0006111 (regulation of gluconeogenesis),12
2,Pyruvate metabolism,Metabolism > Carbohydrate metabolism > Pyruvate metabolism,"P00175, P00330, P00358, P00359, P00360, P00549, P00560, P00924, P00925, P00942, P00950, P04806, P04807, P09624, P12695, P12709, P14540, P16387, P16451, P16861, P16862, P17709, P25646, P32473, P32891, P36013, P38857, P40215, P40530, P40556, P46681, P53157, P53170, P53311, Q01574, Q07500, Q12511","CYB2, ADH1, TDH2, TDH3, TDH1, CDC19, PGK1, ENO1, ENO2, TPI1, GPM1, HXK1, HXK2, LPD1, LAT1, PGI1, FBA1, PDA1, PDX1, PFK1, P16862, GLK1, PTC6, PDB1, DLD1, MAE1, MPC2, NDE1, PKP1, YIA6, DLD2, MPC1, PKP2, MPC3, ACS1, NDE2, PTC5",GO:0004458 (D-lactate dehydrogenase (cytochrome) activity); GO:0004460 (L-lactate dehydrogenase (cytochrome) activity); GO:0004470 (malic enzyme activity); GO:0004738 (pyruvate dehydrogenase activity); GO:0004739 (pyruvate dehydrogenase (acetyl-transferring) activity); GO:0004740 (pyruvate dehydrogenase (acetyl-transferring) kinase activity); GO:0004741 ([pyruvate dehydrogenase (acetyl-transferring)]-phosphatase activity); GO:0004743 (pyruvate kinase activity); GO:0006085 (acetyl-CoA biosynthetic process); GO:0006086 (pyruvate decarboxylation to acetyl-CoA); GO:0006090 (pyruvate metabolic process); GO:0006096 (glycolytic process); GO:0006850 (mitochondrial pyruvate transmembrane transport); GO:0019654 (acetate fermentation); GO:0019655 (glycolytic fermentation to ethanol); GO:0045254 (pyruvate dehydrogenase complex); GO:1903457 (lactate catabolic process),37
3,Protein import and sorting,"Protein import, sorting and homeostasis > Protein import and sorting","O60200, O74700, P00044, P00045, P00127, P00175, P00424, P00431, P00445, P00830, P00890, P00950, P04037, P04710, P04840, P06182, P07143, P07170, P07213, P07251, P14832, P14908, P18409, P19414, P19516, P19882, P22217, P23641, P23644, P25375, P25646, P27796, P27882, P28737, P28834, P29509, P32266, P32378, P32830, P32839, P32891, P32897, P32898, P33421, P35180, P35200, P36010, P36037, P36046, P36060, P36064, P36078, P36152, P38075, P38081, P38162, P38325, P38824, P38825, P39515, P39952, P39987, P40037, P40202, P40364, P40576, P40581, P47045, P50861, P53193, P53220, P53299, P53615, P53722, P54783, P54857, P57744, P61829, P80967, P87108, Q00873, Q01519, Q02772, Q02776, Q02888, Q02889, Q03667, Q04006, Q04341, Q04401, Q04689, Q05776, Q05809, Q06510, Q07540, Q07807, Q08176, Q08749, Q12106, Q12287, Q12328, Q12425, Q12511, Q2V2P4, Q3E731, Q3E798, Q3E7A4, Q3E7A9, Q3E846, Q99258","MDM35, TIM9, CYC1, CYC7, QCR6, CYB2, COX5A, CCP1, SOD1, ATP2, CIT1, GPM1, COX4, AAC1, POR1, CYC3, CYT1, ADK1, TOM70, ATP1, CPR1, MTF1, MDM10, ACO1, COX11, HSP60, TRX1, MIR1, TOM40, PRD1, PTC6, POT1, ERV1, MSP1, IDH1, TRR1, MGM1, COQ2, TIM12, BCS1, DLD1, TIM23, CYM1, SDH3, TOM20, P35200, YNK1, P36037, MIA40, MCR1, CMC1, P36078, P36152, PDX3, YBR056W, MIX23, OM14, COX23, TOM71, TIM17, OXA1, ECM10, HMF1, CCS1, MPM1, INA22, HYR1, TIM54, RIB4, JAC1, TIM21, TIM13, NCE103, ATP23, ALO1, TGL2, TIM8, OLI1, TOM5, TIM10, CYT2, COX12, PET191, TIM50, INA17, MGR2, MIX17, UPS3, MIX14, SDH7, AIM32, Q05776, COA4, TAZ1, YFH1, Q07807, MIM1, Q08749, MCP1, COX17, TIM22, ISA2, PTC5, YIL156W-B, COX19, MIM2, CMC2, CMC4, COA6, RIB3",GO:0005758 (mitochondrial intermembrane space); GO:0006626 (protein targeting to mitochondrion); GO:0030943 (mitochondrion targeting sequence binding); GO:0032473 (cytoplasmic side of mitochondrial outer membrane); GO:0045039 (protein insertion into mitochondrial inner membrane); GO:0051646 (mitochondrion localization); GO:0051654 (establishment of mitochondrion localization); GO:0070585 (protein localization to mitochondrion); GO:0140595 (MIM complex); GO:1903955 (positive regulation of protein targeting to mitochondrion); GO:1990524 (INA complex),110
4,CII assembly factors,OXPHOS > Complex II > CII assembly factors,"P38228, P38345, Q04401, Q08230, Q3E785","TCM62, SDH8, SDH7, SDH5, SDH6",GO:0034553 (mitochondrial respiratory chain complex II assembly),5
5,TCA cycle,Metabolism > Carbohydrate metabolism > TCA cycle,"P00890, P08417, P08679, P09624, P17505, P19262, P19414, P19955, P20967, P21375, P21801, P21954, P22133, P28241, P28834, P32316, P32419, P33303, P33421, P37298, P39533, P43635, P53312, P53598, P53889, P53982, Q00711, Q08230","CIT1, FUM1, CIT2, LPD1, MDH1, KGD2, ACO1, YMR31, KGD1, OSM1, SDH2, IDP1, MDH2, IDH2, IDH1, ACH1, MDH3, SFC1, SDH3, SDH4, ACO2, CIT3, LSC2, LSC1, FMP41, IDP3, SDH1, SDH5",GO:0003994 (aconitate hydratase activity); GO:0004108 (citrate (Si)-synthase activity); GO:0004149 (dihydrolipoyllysine-residue succinyltransferase activity); GO:0004333 (fumarate hydratase activity); GO:0004450 (isocitrate dehydrogenase (NADP+) activity); GO:0004591 (oxoglutarate dehydrogenase (succinyl-transferring) activity); GO:0005469 (succinate:fumarate antiporter activity); GO:0006083 (acetate metabolic process); GO:0006099 (tricarboxylic acid cycle); GO:0006101 (citrate metabolic process); GO:0006102 (isocitrate metabolic process); GO:0006103 (2-oxoglutarate metabolic process); GO:0006104 (succinyl-CoA metabolic process); GO:0006106 (fumarate metabolic process); GO:0006107 (oxaloacetate metabolic process); GO:0016156 (fumarate reductase (NADH) activity); GO:0030060 (L-malate dehydrogenase (NAD+) activity); GO:0036440 (citrate synthase activity); GO:0045242 (isocitrate dehydrogenase complex (NAD+)); GO:0045252 (oxoglutarate dehydrogenase complex); GO:0046356 (acetyl-CoA catabolic process); GO:0050163 (oxaloacetate tautomerase activity),28
6,ROS and glutathione metabolism,Metabolism > Detoxification > ROS and glutathione metabolism,"P00330, P00358, P00359, P00431, P00445, P00447, P04840, P09624, P17695, P19516, P22217, P22803, P22943, P23833, P25372, P25566, P27882, P29509, P31378, P32317, P32771, P33751, P34227, P36014, P36046, P36060, P36152, P36156, P38013, P38072, P38143, P38169, P38230, P38345, P38715, P38720, P38816, P39676, P40029, P40202, P40478, P40581, P40582, P41921, P43616, P47016, P47137, P47140, P53615, P53879, P54783, Q02784, Q03103, Q04689, Q06090, Q06630, Q06892, Q07540, Q07551, Q07824, Q08749, Q08968, Q12181, Q12320","ADH1, TDH2, TDH3, CCP1, SOD1, SOD2, POR1, LPD1, GRX2, COX11, TRX1, TRX2, HSP12, SCO1, TRX3, MXR2, ERV1, TRR1, P31378, AFG1, P32771, P33751, PRX1, P36014, MIA40, MCR1, P36152, ECM4, AHP1, SCO2, GPX2, BNA4, ZTA1, SDH8, GRE3, GND1, TRR2, YHB1, MXR1, CCS1, POR2, HYR1, GTT1, GLR1, DUG1, NIT2, YJR096W, AIM25, NCE103, RHO5, ALO1, GRX5, ERO1, AIM32, MRPL51, MHR1, POS5, YFH1, YDL124W, TPO1, Q08749, FMP40, Q12181, GLO4",GO:0004032 (aldose reductase (NADPH) activity); GO:0004130 (cytochrome-c peroxidase activity); GO:0004362 (glutathione-disulfide reductase (NADPH) activity); GO:0004364 (glutathione transferase activity); GO:0004416 (hydroxyacylglutathione hydrolase activity); GO:0004602 (glutathione peroxidase activity); GO:0004784 (superoxide dismutase activity); GO:0004791 (thioredoxin-disulfide reductase (NADPH) activity); GO:0006749 (glutathione metabolic process); GO:0006751 (glutathione catabolic process); GO:0006801 (superoxide metabolic process); GO:0006979 (response to oxidative stress); GO:0008113 (peptide-methionine (S)-S-oxide reductase activity); GO:0008379 (thioredoxin peroxidase activity); GO:0016174 (NAD(P)H oxidase H2O2-forming activity); GO:0016532 (superoxide dismutase copper chaperone activity); GO:0016972 (thiol oxidase activity); GO:0019170 (methylglyoxal reductase (NADH) activity); GO:0019243 (methylglyoxal catabolic process to D-lactate via S-lactoyl-glutathione); GO:0019430 (removal of superoxide radicals); GO:0032440 (2-alkenal reductase [NAD(P)+] activity); GO:0033743 (peptide-methionine (R)-S-oxide reductase activity); GO:0034599 (cellular response to oxidative stress); GO:0034614 (cellular response to reactive oxygen species); GO:0042743 (hydrogen peroxide metabolic process); GO:0045454 (cell redox homeostasis); GO:0047066 (phospholipid-hydroperoxide glutathione peroxidase activity); GO:0051903 (S-(hydroxymethyl)glutathione dehydrogenase [NAD(P)+] activity); GO:0072593 (reactive oxygen species metabolic process); GO:0110050 (deaminated glutathione amidase activity); GO:1902170 (cellular response to reactive nitrogen species); GO:1902693 (superoxide dismutase complex),64
7,Transcription,Mitochondrial central dogma > mtRNA metabolism > Transcription,"P00358, P13433, P14908, P15424, P23615, P29547, P38088, P53140, P60010, Q01217, Q02629, Q05043, Q06630","TDH2, RPO41, MTF1, MSS116, SPT6, CAM1, GRS1, RMD9, ACT1, ARG5,6, NUP100, Q05043, MHR1","GO:0001046 (core promoter sequence-specific DNA binding); GO:0001073 (transcription antitermination factor activity, DNA binding); GO:0003700 (DNA-binding transcription factor activity); GO:0003899 (DNA-directed RNA polymerase activity); GO:0006353 (DNA-templated transcription termination); GO:0006355 (regulation of DNA-templated transcription); GO:0006390 (mitochondrial transcription); GO:0006391 (transcription initiation at mitochondrial promoter); GO:0006392 (transcription elongation by mitochondrial RNA polymerase); GO:0031564 (transcription antitermination); GO:0032786 (positive regulation of DNA-templated transcription, elongation); GO:0034245 (mitochondrial DNA-directed RNA polymerase complex); GO:0034246 (mitochondrial transcription factor activity); GO:0045893 (positive regulation of DNA-templated transcription); GO:1903108 (regulation of mitochondrial transcription); GO:1990841 (promoter-specific chromatin binding)",13
8,Translation factors,Mitochondrial central dogma > Translation > Translation factors,"P00359, P01119, P01120, P01123, P02992, P05066, P06780, P06781, P07252, P07263, P07390, P07560, P07807, P08468, P08539, P10355, P10823, P10834, P13856, P14066, P14832, P14905, P15424, P15992, P16862, P17505, P19073, P19414, P20606, P21560, P21576, P25038, P27796, P30775, P32266, P32335, P32419, P32493, P32522, P32939, P33751, P36017, P36018, P38137, P38297, P38555, P38701, P38715, P39722, P46655, P46943, P50273, P50896, P51996, P53140, P53297, P53334, P53879, P54861, Q00245, Q01532, Q04748, Q07807, Q07938, Q08818, Q12315","TDH3, RAS1, RAS2, YPT1, TUF1, P05066, RHO1, RHO2, CBP1, HTS1, PET494, SEC4, DFR1, PET111, GPA1, PET122, GPA2, PET54, RSR1, P14066, CPR1, CBS2, MSS116, HSP26, P16862, MDH1, CDC42, ACO1, SAR1, CBP3, VPS1, IFM1, POT1, MRF1, MGM1, MSS51, MDH3, AEP1, PET309, YPT7, P33751, VPS21, YPT52, PCS60, FZO1, YPT31, RPS20, GRE3, GEM1, P46655, GUF1, ATP22, P50896, YPT32, RMD9, PBP1, SCW4, RHO5, P54861, RHO3, LAP3, SOV1, Q07807, MEU1, MSC6, GLE1",GO:0003729 (mRNA binding); GO:0003743 (translation initiation factor activity); GO:0003746 (translation elongation factor activity); GO:0003747 (translation release factor activity); GO:0003924 (GTPase activity); GO:0005525 (GTP binding); GO:0008494 (translation activator activity); GO:0031369 (translation initiation factor binding); GO:0045182 (translation regulator activity); GO:0070126 (mitochondrial translational termination),66
9,mtRNA metabolism,Mitochondrial central dogma > mtRNA metabolism,"P00359, P03873, P03874, P03878, P03879, P04456, P07266, P10849, P15424, P32580, P35180, P36146, P39940, P39990, P48237, P53166, Q02773, Q04311, Q12089, Q12374","TDH3, BI2, CBP2, AI4, BI4, RPL25, MRS1, MTF2, MSS116, SUV3, TOM20, P36146, RSP5, SNU13, CCM1, MRH4, RPM2, Q04311, AEP3, NCA2",GO:0000373 (Group II intron splicing); GO:0000460 (maturation of 5.8S rRNA); GO:0000963 (mitochondrial RNA processing); GO:0002151 (G-quadruplex RNA binding); GO:0003723 (RNA binding); GO:0003724 (RNA helicase activity); GO:0004521 (RNA endonuclease activity); GO:0006396 (RNA processing); GO:0008380 (RNA splicing); GO:0016031 (tRNA import into mitochondrion); GO:0016070 (RNA metabolic process); GO:0016071 (mRNA metabolic process); GO:0016072 (rRNA metabolic process); GO:0033592 (RNA strand annealing activity); GO:0034337 (RNA folding); GO:2000232 (regulation of rRNA processing); GO:2000234 (positive regulation of rRNA processing),20
10,Heme synthesis and processing,Metabolism > Metals and cofactors > Heme synthesis and processing,"P00359, P04710, P09950, P16622, P18239, P21592, P32266, P32331, P39722, P40012, P40086, P54861, Q07534, Q12184","TDH3, AAC1, HEM1, HEM15, P18239, COX10, MGM1, YMC1, GEM1, HEM14, COX15, P54861, YDL119C, YAH1",GO:0003870 (5-aminolevulinate synthase activity); GO:0004325 (ferrochelatase activity); GO:0004729 (oxygen-dependent protoporphyrinogen oxidase activity); GO:0006783 (heme biosynthetic process); GO:0006784 (heme A biosynthetic process); GO:0015886 (heme transport),14
11,Heme-containing proteins,Mitochondrial central dogma > Metabolism > Metals and cofactors > Heme-containing proteins,"P00359, P38884, P38885, P47008","TDH3, AIM18, AIM46, SFH5",GO:0020037 (heme binding),4
12,Branched-chain amino acid dehydrogenase complex,Metabolism > Amino acid metabolism > Branched-chain amino acid dehydrogenase complex,P12695,LAT1,GO:0004742 (dihydrolipoyllysine-residue acetyltransferase activity),1
13,Mitophagy,Mitochondrial dynamics and surveillance > Mitophagy,"P25646, P32858, P36135, P37297, P38182, P40344, P40458, P40530, P40961, P47140, P50085, P53170, P53192, P53297, P53867, Q07799, Q12142, Q2V2P4","PTC6, P32858, UTH1, STT4, P38182, P40344, ATG32, PKP1, PHB1, AIM25, PHB2, PKP2, P53192, PBP1, P53867, Q07799, Q12142, YIL156W-B",GO:0000422 (autophagy of mitochondrion); GO:0000423 (mitophagy); GO:0140580 (mitochondrion autophagosome adaptor activity); GO:1901524 (regulation of mitophagy); GO:1903147 (negative regulation of autophagy of mitochondrion),18
14,Glycine metabolism,Metabolism > Amino acid metabolism > Glycine metabolism,"P09624, P32331, P39726, P43567, P48015, P49095, Q07534","LPD1, YMC1, GCV3, AGX1, GCV1, GCV2, YDL119C","GO:0006544 (glycine metabolic process); GO:0006546 (glycine catabolic process); GO:0015187 (glycine transmembrane transporter activity); GO:0019265 (glycine biosynthetic process, by transamination of glyoxylate)",7
15,mtDNA nucleoid,Mitochondrial central dogma > mtDNA maintenance > mtDNA nucleoid,"P06168, P07251, P07271, P09624, P0CS90, P13433, P16387, P19262, P19414, P19882, P20967, P21954, P23615, P25379, P25605, P28834, P32445, P32473, P32598, P32787, P39987, P42900, P46367, P53163, P53598, Q02486, Q02629, Q04013","ILV5, ATP1, P07271, LPD1, SSC1, RPO41, PDA1, KGD2, ACO1, HSP60, KGD1, IDP1, SPT6, P25379, ILV6, IDH1, RIM1, PDB1, GLC7, MGM101, ECM10, SLS1, ALD4, MNP1, LSC1, ABF2, NUP100, YHM2","GO:0000262 (mitochondrial chromosome); GO:0006334 (nucleosome assembly); GO:0008301 (DNA binding, bending); GO:0042645 (mitochondrial nucleoid); GO:0051276 (chromosome organization); GO:0140694 (membraneless organelle assembly)",28
16,Branched-chain amino acid metabolism,Metabolism > Amino acid metabolism > Branched-chain amino acid metabolism,"P00927, P06168, P06208, P07342, P09624, P25605, P28817, P38122, P38891, P39522, P40185, Q12166","ILV1, ILV5, LEU4, ILV2, LPD1, ILV6, EHD3, ECM31, BAT1, ILV3, MMF1, LEU9",GO:0003852 (2-isopropylmalate synthase activity); GO:0003860 (3-hydroxyisobutyryl-CoA hydrolase activity); GO:0003864 (3-methyl-2-oxobutanoate hydroxymethyltransferase activity); GO:0003984 (acetolactate synthase activity); GO:0004084 (branched-chain-amino-acid transaminase activity); GO:0004160 (dihydroxy-acid dehydratase activity); GO:0004455 (ketol-acid reductoisomerase activity); GO:0005948 (acetolactate synthase complex); GO:0006550 (isoleucine catabolic process); GO:0006552 (L-leucine catabolic process); GO:0006574 (valine catabolic process); GO:0009082 (branched-chain amino acid biosynthetic process); GO:0009083 (branched-chain amino acid catabolic process); GO:0009097 (isoleucine biosynthetic process); GO:0009098 (L-leucine biosynthetic process),12
17,Serine metabolism,Metabolism > Amino acid metabolism > Serine metabolism,"P09624, P25379, Q12029","LPD1, P25379, FSF1",GO:0003941 (L-serine ammonia-lyase activity); GO:0006564 (L-serine biosynthetic process); GO:0006565 (L-serine catabolic process); GO:0140300 (serine import into mitochondrion),3
18,Glycine cleavage system,Metabolism > Amino acid metabolism > Glycine metabolism > Glycine cleavage system,"P09624, P39726, P48015","LPD1, GCV3, GCV1",GO:0005960 (glycine cleavage complex),3
19,TCA-associated,Metabolism > Carbohydrate metabolism > TCA-associated,"P09624, Q04013","LPD1, YHM2",GO:0004148 (dihydrolipoyl dehydrogenase (NADH) activity); GO:0006842 (tricarboxylic acid transport),2
20,Glycine cleavage system,Metabolism > Amino acid metabolism > Glycine cleavage system,"P09624, P49095","LPD1, GCV2",GO:0004375 (glycine dehydrogenase (decarboxylating) activity); GO:0019464 (glycine decarboxylation via glycine cleavage system),2
21,Cristae formation,Mitochondrial dynamics and surveillance > Cristae formation,"P00401, P00420, P04807, P06787, P07257, P07271, P10174, P18496, P20606, P21560, P21576, P21801, P32266, P32378, P35200, P36112, P37267, P38072, P38182, P38297, P38300, P38341, P38909, P39952, P40215, P40452, P40961, P43594, P47127, P50087, P50945, P53311, P54861, P81449, Q00711, Q01519, Q04172, Q06510, Q06567, Q07560, Q07878, Q12106, Q12233, Q12349, Q96VH5","COX1, COX3, HXK2, CMD1, QCR2, P07271, COX7, ATP10, SAR1, CBP3, VPS1, SDH2, MGM1, COQ2, P35200, MIC60, CBP4, SCO2, P38182, FZO1, MBA1, MIC12, CYC2, OXA1, NDE1, COA1, PHB1, MIC19, AIM24, MIC26, MIC27, MPC3, P54861, TIM11, SDH1, COX12, SHE9, TAZ1, MCP2, CRD1, VPS13, MCP1, ATP20, ATP14, MIC10",GO:0007006 (mitochondrial membrane organization); GO:0007007 (inner mitochondrial membrane organization); GO:0030061 (mitochondrial crista); GO:0031966 (mitochondrial membrane); GO:0042407 (cristae formation); GO:0060988 (lipid tube assembly); GO:0097749 (membrane tubulation); GO:0097753 (membrane bending); GO:0180020 (membrane bending activity); GO:1903525 (regulation of membrane tubulation); GO:1905153 (regulation of membrane invagination),45
22,Complex I,OXPHOS > Complex I,"P32340, P36060, P38626, P40215, Q12181, Q12335","NDI1, MCR1, CBR1, NDE1, Q12181, PST2","GO:0003954 (NADH dehydrogenase activity); GO:0003955 (NAD(P)H dehydrogenase (quinone) activity); GO:0006120 (mitochondrial electron transport, NADH to ubiquinone); GO:0008137 (NADH dehydrogenase (ubiquinone) activity); GO:0016651 (oxidoreductase activity, acting on NAD(P)H)",6
23,Glutamate metabolism,Metabolism > Amino acid metabolism > Glutamate metabolism,"P07275, P21954, P28241, P28834, P33327, P46681, Q01217, Q07938","PUT2, IDP1, IDH2, IDH1, GDH2, DLD2, ARG5,6, MEU1",GO:0003842 (1-pyrroline-5-carboxylate dehydrogenase activity); GO:0003942 (N-acetyl-gamma-glutamyl-phosphate reductase activity); GO:0004352 (glutamate dehydrogenase (NAD+) activity); GO:0006537 (glutamate biosynthetic process); GO:0051990 ((R)-2-hydroxyglutarate dehydrogenase activity),8
24,SLC25A family,Small molecule transport > SLC25A family,"P04710, P18239, P23641, P32331, P33303, P38085, P38087, P38152, P38279, P38921, P39953, P40035, P40464, P40556, P48813, P53257, Q03028, Q04013, Q06143, Q12375, Q12482, Q99297","AAC1, P18239, MIR1, YMC1, SFC1, TAT1, YMC2, CTP1, P38279, PET8, YEA6, PIC2, FLX1, YIA6, P48813, TPC1, ODC1, YHM2, DIC1, ORT1, AGC1, ODC2",GO:0000095 (S-adenosyl-L-methionine transmembrane transporter activity); GO:0005310 (dicarboxylic acid transmembrane transporter activity); GO:0005313 (L-glutamate transmembrane transporter activity); GO:0005315 (phosphate transmembrane transporter activity); GO:0005342 (organic acid transmembrane transporter activity); GO:0005371 (tricarboxylate secondary active transmembrane transporter activity); GO:0005471 (ATP:ADP antiporter activity); GO:0006843 (mitochondrial citrate transmembrane transport); GO:0006865 (amino acid transport); GO:0015174 (basic amino acid transmembrane transporter activity); GO:0015183 (L-aspartate transmembrane transporter activity); GO:0015230 (FAD transmembrane transporter activity); GO:0015297 (antiporter activity); GO:0015742 (alpha-ketoglutarate transport); GO:0015744 (succinate transport); GO:0015805 (S-adenosyl-L-methionine transport); GO:0015813 (L-glutamate transmembrane transport); GO:0015827 (tryptophan transport); GO:0015866 (ADP transport); GO:0015867 (ATP transport); GO:0035352 (NAD transmembrane transport); GO:0035435 (phosphate ion transmembrane transport); GO:1990545 (mitochondrial thiamine pyrophosphate transmembrane transport); GO:1990575 (mitochondrial L-ornithine transmembrane transport),22
25,Coenzyme A metabolism,Metabolism > Metals and cofactors > Coenzyme A metabolism,"P32316, P38122, Q01574, Q03941, Q12524","ACH1, ECM31, ACS1, CAB5, PCD1",GO:0003986 (acetyl-CoA hydrolase activity); GO:0003987 (acetate-CoA ligase activity); GO:0010945 (coenzyme A diphosphatase activity); GO:0015937 (coenzyme A biosynthetic process); GO:0015940 (pantothenate biosynthetic process); GO:1990143 (CoA-synthesizing protein complex),5
26,Mitochondrial ribosome,Mitochondrial central dogma > Translation > Mitochondrial ribosome,"O14467, O75012, P02381, P05319, P05750, P05756, P07253, P10662, P10663, P12686, P12687, P14063, P14066, P14905, P15424, P16451, P17558, P19516, P19955, P19956, P20081, P20084, P21560, P21771, P22353, P22354, P23369, P23542, P25348, P25626, P25642, P25694, P26783, P27929, P28778, P28817, P29547, P31334, P32344, P32387, P32388, P32611, P32902, P32904, P33759, P35996, P36056, P36516, P36517, P36519, P36520, P36521, P36523, P36525, P36526, P36527, P36528, P36531, P36532, P36533, P36534, P38064, P38120, P38175, P38300, P38325, P38783, P38860, P39952, P40033, P40496, P40513, P40548, P40858, P41058, P42847, P46943, P47015, P47141, P47150, P48237, P51998, P53163, P53166, P53292, P53297, P53305, P53724, P53732, P53733, P53736, P53875, P53881, P53921, P53937, P81449, Q01163, Q02204, Q02608, Q02950, Q03201, Q03246, Q03430, Q03799, Q03976, Q04311, Q04599, Q06090, Q06630, Q06678, Q08179, Q12322, Q12328, Q12487","MBF1, MRP10, VAR1, RPP2A, RPS3, RPS13, CBP6, MRP1, MRP2, MRP13, MRP7, MRPL31, P14066, CBS2, MSS116, PDX1, PET123, COX11, YMR31, MRPL44, FPR1, MRPL33, CBP3, MRPS28, MRPL8, MRPL20, MRPL25, AAT2, MRPL32, IMG1, IMG2, CDC48, RPS5, NAM9, MRP17, EHD3, CAM1, MRPL9, P32344, MRP20, MRP49, RML2, MRP4, MRPL6, MRPS5, MRPL38, RSM22, MRPL3, MRPL4, MRPL7, MRPL10, MRPL11, MRPL15, MRPL24, MRPL27, MRPL28, MRPL17, MRPL36, MRPL37, MRPL39, MRPL40, MRPL16, MRPS9, MRP21, MBA1, OM14, FYV4, MTG2, OXA1, RSM18, RSM25, MAM33, SNL1, MRPL49, RPS29B, MRPS18, GUF1, AIM23, RSM26, RSM7, CCM1, YML6, MNP1, MRH4, MRPS35, PBP1, RSM27, MRPL50, MRPS12, RSM19, YNR040W, MRPL19, MRPL22, YNL122C, SWS2, TIM11, RSM23, MRPL13, MRPS16, MRP51, RSM10, MRPS17, RSM28, MRPS8, RSM24, Q04311, MRPL1, MRPL51, MHR1, MRPL35, MDM38, YOL114C, TIM22, MRPL23",GO:0003735 (structural constituent of ribosome); GO:0005198 (structural molecule activity); GO:0005527 (macrolide binding); GO:0005761 (mitochondrial ribosome); GO:0005762 (mitochondrial large ribosomal subunit); GO:0005763 (mitochondrial small ribosomal subunit); GO:0005840 (ribosome); GO:0019843 (rRNA binding); GO:0033750 (ribosome localization); GO:0043022 (ribosome binding); GO:0043023 (ribosomal large subunit binding); GO:0072344 (rescue of stalled ribosome); GO:0097177 (mitochondrial ribosome binding); GO:1990400 (mitochondrial ribosomal large subunit rRNA binding),114
27,Complex IV,OXPHOS > Complex IV,"P00044, P00045, P00401, P00410, P00420, P00424, P00425, P00427, P04037, P04039, P07255, P10174, P32799, Q01519, Q2V2P9","CYC1, CYC7, COX1, COX2, COX3, COX5A, COX5B, COX6, COX4, COX8, COX9, COX7, COX13, COX12, COX26","GO:0006123 (mitochondrial electron transport, cytochrome c to oxygen); GO:0045277 (respiratory chain complex IV)",15
28,Complex V,OXPHOS > Complex V,"P00830, P00854, P00856, P01097, P05626, P07170, P07251, P09457, P21306, P25694, P30902, P31539, P35191, P36016, P38077, P38323, P39102, P40341, P42834, P46955, P53193, P60010, P61829, P81449, P81450, P81451, Q03020, Q06405, Q07914, Q12165, Q12233, Q12349, Q3E824","ATP2, ATP6, ATP8, INH1, ATP4, ADK1, ATP1, ATP5, ATP15, CDC48, ATP7, HSP104, MDJ1, LHS1, ATP3, MCX1, XDJ1, YTA12, MDJ2, P46955, JAC1, ACT1, OLI1, TIM11, ATP18, ATP19, ISU1, ATP17, PAM18, Q12165, ATP20, ATP14, YOR020W-A","GO:0001671 (ATPase activator activity); GO:0005524 (ATP binding); GO:0015986 (proton motive force-driven ATP synthesis); GO:0042030 (ATPase inhibitor activity); GO:0042776 (proton motive force-driven mitochondrial ATP synthesis); GO:0043531 (ADP binding); GO:0045259 (proton-transporting ATP synthase complex); GO:0046034 (ATP metabolic process); GO:0046961 (proton-transporting ATPase activity, rotational mechanism)",33
29,CV assembly factors,OXPHOS > Complex V > CV assembly factors,"P0CS90, P18496, P22135, P32453, P39952, P40491, P40576, P50273, P53722, P81450, Q02888, Q03153, Q12349","SSC1, ATP10, ATP12, ATP11, OXA1, FMC1, INA22, ATP22, ATP23, ATP18, INA17, ATP25, ATP14",GO:0033615 (mitochondrial proton-transporting ATP synthase complex assembly); GO:0070071 (proton-transporting two-sector ATPase complex assembly),13
30,mtDNA repair,Mitochondrial central dogma > mtDNA maintenance > mtDNA repair,"P03877, P03878, P03882, P04819, P05066, P05750, P07271, P08417, P08466, P0CS90, P12689, P12887, P14832, P22936, P25846, P26793, P28625, P31378, P32787, P36010, P36037, P36146, P38289, P38927, P40015, P60010, Q03104, Q03702, Q06630, Q12524, Q9ZZX1","AI3, AI4, SCEI, CDC9, P05066, RPS3, P07271, FUM1, NUC1, SSC1, P12689, P12887, CPR1, APN1, MSH1, RAD27, YIM1, P31378, MGM101, YNK1, P36037, P36146, EXO5, P38927, ISC1, ACT1, MSC1, CCE1, MHR1, PCD1, AI5_ALPHA","GO:0000018 (regulation of DNA recombination); GO:0000150 (DNA strand exchange activity); GO:0000703 (oxidized pyrimidine nucleobase lesion DNA N-glycosylase activity); GO:0000725 (recombinational repair); GO:0000727 (double-strand break repair via break-induced replication); GO:0003904 (deoxyribodipyrimidine photo-lyase activity); GO:0003906 (DNA-(apurinic or apyrimidinic site) endonuclease activity); GO:0003910 (DNA ligase (ATP) activity); GO:0004519 (endonuclease activity); GO:0004520 (DNA endonuclease activity); GO:0004844 (uracil DNA N-glycosylase activity); GO:0006281 (DNA repair); GO:0006284 (base-excision repair); GO:0006285 (base-excision repair, AP site formation); GO:0006289 (nucleotide-excision repair); GO:0006298 (mismatch repair); GO:0006302 (double-strand break repair); GO:0006303 (double-strand break repair via nonhomologous end joining); GO:0006310 (DNA recombination); GO:0006974 (DNA damage response); GO:0008296 (3'-5'-DNA exonuclease activity); GO:0008311 (double-stranded DNA 3'-5' DNA exonuclease activity); GO:0008534 (oxidized purine nucleobase lesion DNA N-glycosylase activity); GO:0017005 (3'-tyrosyl-DNA phosphodiesterase activity); GO:0019985 (translesion synthesis); GO:0032137 (guanine/thymine mispair binding); GO:0032139 (dinucleotide insertion or deletion binding); GO:0035861 (site of double-strand break); GO:0036297 (interstrand cross-link repair); GO:0042276 (error-prone translesion synthesis); GO:0043504 (mitochondrial DNA repair); GO:0045145 (single-stranded DNA 5'-3' DNA exonuclease activity); GO:0070987 (error-free translesion synthesis); GO:0071932 (replication fork reversal); GO:0072711 (cellular response to hydroxyurea); GO:1905347 (endodeoxyribonuclease complex); GO:1990166 (protein localization to site of double-strand break)",31
31,mtDNA replication,Mitochondrial central dogma > mtDNA maintenance > mtDNA replication,"P04819, P07170, P07271, P12689, P13433, P15801, P19882, P25694, P26793, P29311, P31378, P32445, P32580, P32598, P34730, Q06630, Q06683, Q12039","CDC9, ADK1, P07271, P12689, RPO41, MIP1, HSP60, CDC48, RAD27, BMH1, P31378, RIM1, SUV3, GLC7, BMH2, MHR1, IRC3, HMI1","GO:0000076 (DNA replication checkpoint signaling); GO:0000403 (Y-form DNA binding); GO:0003688 (DNA replication origin binding); GO:0003887 (DNA-directed DNA polymerase activity); GO:0005657 (replication fork); GO:0006260 (DNA replication); GO:0006264 (mitochondrial DNA replication); GO:0006269 (DNA replication, synthesis of primer); GO:0006270 (DNA replication initiation); GO:0006273 (lagging strand elongation); GO:0006274 (DNA replication termination); GO:0008408 (3'-5' exonuclease activity); GO:0030894 (replisome); GO:0031297 (replication fork processing); GO:0036388 (pre-replicative complex assembly); GO:0043137 (DNA replication, removal of RNA primer); GO:0043138 (3'-5' DNA helicase activity); GO:0061749 (forked DNA-dependent helicase activity); GO:0090297 (positive regulation of mitochondrial DNA replication)",18
32,mtDNA maintenance,Mitochondrial central dogma > mtDNA maintenance,"P03875, P04819, P06168, P07271, P08466, P0CS90, P13433, P15801, P19414, P19882, P25846, P26793, P32266, P32445, P32579, P32787, P32843, P33416, P35191, P36775, P38127, P38289, P38845, P38988, P39515, P39677, P40156, P41800, P47025, P48237, P54964, Q01532, Q02486, Q03652, Q03702, Q04013, Q06090, Q06109, Q06630, Q06683, Q07351, Q07560, Q12039, Q12167, Q12180, Q12219, Q12393","AI1, CDC9, ILV5, P07271, NUC1, SSC1, RPO41, MIP1, ACO1, HSP60, MSH1, RAD27, MGM1, RIM1, SUA5, MGM101, YME2, HSP78, MDJ1, PIM1, RIM2, EXO5, CRP1, GGC1, TIM17, MEF2, RRG9, MMM1, MDV1, CCM1, REX2, LAP3, ABF2, Q03652, CCE1, YHM2, MRPL51, RRG8, MHR1, IRC3, Q07351, CRD1, HMI1, RRG1, HAL9, Q12219, GEP5","GO:0000002 (mitochondrial genome maintenance); GO:0000722 (telomere maintenance via recombination); GO:0003677 (DNA binding); GO:0003678 (DNA helicase activity); GO:0003690 (double-stranded DNA binding); GO:0003697 (single-stranded DNA binding); GO:0004529 (DNA exonuclease activity); GO:0006276 (plasmid maintenance); GO:0006315 (homing of group II introns); GO:0008094 (ATP-dependent activity, acting on DNA); GO:0017108 (5'-flap endonuclease activity); GO:0032042 (mitochondrial DNA metabolic process); GO:0035753 (maintenance of DNA trinucleotide repeats); GO:0036121 (double-stranded DNA helicase activity); GO:0043047 (single-stranded telomeric DNA binding); GO:0043565 (sequence-specific DNA binding); GO:1901858 (regulation of mitochondrial DNA metabolic process)",47
33,mtDNA stability and decay,Mitochondrial central dogma > mtDNA maintenance > mtDNA stability and decay,"P03873, P07271, P08466, P15424, P15801, P60010","BI2, P07271, NUC1, MSS116, MIP1, ACT1",GO:0004518 (nuclease activity); GO:0006308 (DNA catabolic process); GO:0031011 (Ino80 complex); GO:0032043 (mitochondrial DNA catabolic process); GO:0051880 (G-quadruplex DNA binding),6
34,Translation,Mitochondrial central dogma > Translation,"O14467, O75012, P02381, P02992, P05750, P07253, P07263, P07390, P07884, P08468, P0CS90, P10355, P10662, P10663, P10834, P10849, P11325, P12686, P12687, P14063, P14066, P14905, P14907, P15424, P17558, P19956, P20084, P21560, P21771, P22136, P22353, P22354, P23369, P23542, P25038, P25039, P25294, P25348, P25626, P25642, P27929, P28778, P28817, P29547, P30775, P31334, P32048, P32335, P32344, P32387, P32388, P32493, P32522, P32579, P32611, P32902, P32904, P33759, P33893, P34222, P35996, P36516, P36517, P36519, P36520, P36521, P36523, P36525, P36526, P36527, P36528, P36531, P36532, P36533, P36534, P38064, P38120, P38175, P38300, P38714, P38771, P38783, P38876, P39103, P40033, P40185, P40496, P40858, P41805, P42847, P42900, P43122, P46672, P46943, P47015, P47141, P47150, P48525, P48526, P50273, P51998, P53088, P53140, P53163, P53212, P53297, P53305, P53724, P53733, P53875, P53881, P53921, P53937, P53944, Q01163, Q02204, Q02608, Q02950, Q03201, Q03246, Q03430, Q03799, Q03976, Q04311, Q04599, Q04748, Q05863, Q06090, Q06630, Q06678, Q06683, Q07807, Q08179, Q08818, Q12089, Q12315, Q12322, Q12487, Q3E7B2","MBF1, MRP10, VAR1, TUF1, RPS3, CBP6, HTS1, PET494, P07884, PET111, SSC1, PET122, MRP1, MRP2, PET54, MTF2, NAM2, MRP13, MRP7, MRPL31, P14066, CBS2, NSP1, MSS116, PET123, MRPL44, MRPL33, CBP3, MRPS28, AEP2, MRPL8, MRPL20, MRPL25, AAT2, IFM1, MEF1, SIS1, MRPL32, IMG1, IMG2, NAM9, MRP17, EHD3, CAM1, MRF1, MRPL9, MSK1, MSS51, P32344, MRP20, MRP49, AEP1, PET309, SUA5, RML2, MRP4, MRPL6, MRPS5, PET112, PTH2, MRPL38, MRPL3, MRPL4, MRPL7, MRPL10, MRPL11, MRPL15, MRPL24, MRPL27, MRPL28, MRPL17, MRPL36, MRPL37, MRPL39, MRPL40, MRPL16, MRPS9, MRP21, MBA1, MSR1, RRF1, FYV4, PTH1, COX14, RSM18, MMF1, RSM25, MRPL49, RPL10, MRPS18, SLS1, QRI7, ARC1, GUF1, AIM23, RSM26, RSM7, MSE1, ISM1, ATP22, YML6, P53088, RMD9, MNP1, YGR021W, PBP1, RSM27, MRPL50, RSM19, MRPL19, MRPL22, YNL122C, SWS2, P53944, RSM23, MRPL13, MRPS16, MRP51, RSM10, MRPS17, RSM28, MRPS8, RSM24, Q04311, MRPL1, SOV1, YLR281C, MRPL51, MHR1, MRPL35, IRC3, Q07807, MDM38, MSC6, AEP3, GLE1, YOL114C, MRPL23, COA3",GO:0000049 (tRNA binding); GO:0000056 (ribosomal small subunit export from nucleus); GO:0004045 (peptidyl-tRNA hydrolase activity); GO:0006413 (translational initiation); GO:0006414 (translational elongation); GO:0006415 (translational termination); GO:0006417 (regulation of translation); GO:0006449 (regulation of translational termination); GO:0006450 (regulation of translational fidelity); GO:0006451 (translational readthrough); GO:0032543 (mitochondrial translation); GO:0032938 (negative regulation of translation in response to oxidative stress); GO:0045727 (positive regulation of translation); GO:0048027 (mRNA 5'-UTR binding); GO:0070124 (mitochondrial translational initiation); GO:0070125 (mitochondrial translational elongation); GO:0070130 (negative regulation of mitochondrial translation); GO:0070131 (positive regulation of mitochondrial translation); GO:0070134 (positive regulation of mitochondrial translational initiation); GO:1905082 (regulation of mitochondrial translational elongation); GO:1990145 (maintenance of translational fidelity),139
35,OXA,"Protein import, sorting and homeostasis > Protein import and sorting > OXA","P32839, P38300, P38969, P39952, P40990, P53239, P53736, P53969, Q06493, Q08179","BCS1, MBA1, PNT1, OXA1, MSS2, COX18, YNR040W, SAM50, YLH47, MDM38",GO:0032977 (membrane insertase activity); GO:0032979 (protein insertion into mitochondrial inner membrane from matrix),10
36,CIV assembly factors,OXPHOS > Complex IV > CIV assembly factors,"P04037, P08468, P0CS90, P10355, P12687, P19516, P23833, P32335, P32522, P36064, P38824, P38958, P39103, P40452, P43557, P47081, P53266, P53721, Q01519, Q02771, Q02772, Q03713, Q04935, Q05809, Q06678, Q12287, Q3E6R5, Q3E731, Q3E7A4, Q3E7B2, Q3E823, Q3E846","COX4, PET111, SSC1, PET122, MRP7, COX11, SCO1, MSS51, PET309, CMC1, COX23, PET100, COX14, COA1, FMP32, COX16, SHY1, RCF2, COX12, PET117, PET191, RCF1, COX20, COA4, MRPL35, COX17, YDR381C-A, COX19, CMC2, COA3, Q3E823, COA6",GO:0008535 (respiratory chain complex IV assembly); GO:0033617 (mitochondrial cytochrome c oxidase assembly),32
37,MIA40,"Protein import, sorting and homeostasis > Protein import and sorting > MIA40","P17695, P19882, P22217, P25372, P25573, P27882, P32795, P36046, P36078, P36112, P38910, Q02784, Q04472","GRX2, HSP60, TRX1, TRX3, MGR1, ERV1, YME1, MIA40, P36078, MIC60, HSP10, GRX5, MGR3",GO:0015036 (disulfide oxidoreductase activity); GO:0016971 (flavin-dependent sulfhydryl oxidase activity); GO:0045041 (protein import into mitochondrial intermembrane space); GO:0160203 (mitochondrial disulfide relay system),13
38,MICOS complex,Mitochondrial dynamics and surveillance > Cristae formation > MICOS complex,"P36112, P38341, P40576, P43594, P50087, P50945, Q02888, Q96VH5","MIC60, MIC12, INA22, MIC19, MIC26, MIC27, INA17, MIC10",GO:0044284 (mitochondrial crista junction); GO:0061617 (MICOS complex); GO:1990677 (mitochondrial inner membrane assembly complex),8
39,Fission,Mitochondrial dynamics and surveillance > Fission,"P20606, P25623, P34216, P36130, P40515, P47025, P54861, P69771, Q00402, Q2V2P4","SAR1, SYP1, EDE1, CAF4, FIS1, MDV1, P54861, DID2, NUM1, YIL156W-B",GO:0000266 (mitochondrial fission); GO:0044396 (actin cortical patch organization); GO:0090141 (positive regulation of mitochondrial fission); GO:0090148 (membrane fission); GO:1904902 (ESCRT III complex assembly); GO:1990252 (Syp1 complex),10
40,Organelle contact sites,Mitochondrial dynamics and surveillance > Organelle contact sites,"P04840, P07213, P18409, P20606, P32939, P38297, P38325, P39722, P41800, P53083, Q00402, Q02981, Q07878, Q12482","POR1, TOM70, MDM10, SAR1, YPT7, FZO1, OM14, GEM1, MMM1, MDM34, NUM1, YPL109C, VPS13, AGC1",GO:0032865 (ERMES complex); GO:0044233 (mitochondria-associated endoplasmic reticulum membrane contact site); GO:0044289 (mitochondrial inner-outer membrane contact site); GO:0160189 (peroxisomal-mitochondrial contact site); GO:0160190 (peroxisome-mitochondrion membrane tether activity); GO:1990456 (mitochondrion-endoplasmic reticulum membrane tethering); GO:1990816 (vacuole-mitochondrion membrane contact site),14
41,Fusion,Mitochondrial dynamics and surveillance > Fusion,"P07560, P25694, P32266, P32867, P36015, P38182, P38297, P39006, P39926, Q03327, Q05930","SEC4, CDC48, MGM1, SSO1, YKT6, P38182, FZO1, PSD1, SSO2, UGO1, Q05930",GO:0005484 (SNAP receptor activity); GO:0006906 (vesicle fusion); GO:0008053 (mitochondrial fusion); GO:0010636 (positive regulation of mitochondrial fusion); GO:0061025 (membrane fusion); GO:0140523 (GTPase-dependent fusogenic activity); GO:1990626 (mitochondrial outer membrane fusion); GO:1990627 (mitochondrial inner membrane fusion),11
42,Chaperones,"Protein import, sorting and homeostasis > Protein homeostasis > Chaperones","O74700, P07267, P0CS90, P14832, P15108, P15992, P16474, P17967, P18496, P19882, P20081, P22943, P25294, P25573, P25719, P31539, P32453, P32472, P32598, P32795, P32830, P32839, P32939, P33416, P35191, P36016, P36046, P36775, P38323, P38345, P38523, P38910, P38958, P39940, P40202, P40548, P40961, P42844, P43613, P47140, P50085, P50087, P53141, P53193, P53266, P53299, P57744, P87108, Q01852, Q03429, Q04472, Q04697, Q04935, Q05931, Q12230, Q12743, Q99316","TIM9, PEP4, SSC1, CPR1, P15108, HSP26, KAR2, PDI1, ATP10, HSP60, FPR1, HSP12, SIS1, MGR1, CPR3, HSP104, ATP11, FPR2, GLC7, YME1, TIM12, BCS1, YPT7, HSP78, MDJ1, LHS1, MIA40, PIM1, MCX1, SDH8, MGE1, HSP10, PET100, RSP5, CCS1, SNL1, PHB1, ZIM17, ERJ5, AIM25, PHB2, MIC26, MLC1, JAC1, SHY1, TIM13, TIM8, TIM10, TIM44, MZM1, MGR3, GSF2, COX20, SSQ1, LSP1, DFM1, MPD2",GO:0003755 (peptidyl-prolyl cis-trans isomerase activity); GO:0003756 (protein disulfide isomerase activity); GO:0005528 (FK506 binding); GO:0006457 (protein folding); GO:0006458 ('de novo' protein folding); GO:0009408 (response to heat); GO:0032460 (negative regulation of protein oligomerization); GO:0034605 (cellular response to heat); GO:0035632 (mitochondrial prohibitin complex); GO:0042026 (protein refolding); GO:0042719 (mitochondrial intermembrane space protein transporter complex); GO:0043254 (regulation of protein-containing complex assembly); GO:0044183 (protein folding chaperone); GO:0051082 (unfolded protein binding); GO:0051085 (chaperone cofactor-dependent protein refolding); GO:0051087 (protein-folding chaperone binding); GO:0051131 (chaperone-mediated protein complex assembly); GO:0051787 (misfolded protein binding); GO:0070370 (cellular heat acclimation); GO:0097718 (disordered domain specific binding); GO:0101031 (protein folding chaperone complex); GO:0120155 (MIH complex); GO:1903644 (regulation of chaperone-mediated protein folding),57
43,TOM,"Protein import, sorting and homeostasis > Protein import and sorting > TOM","P04840, P06197, P06780, P07213, P07560, P08456, P14020, P14693, P16547, P16603, P16658, P17898, P18409, P18411, P21576, P23644, P25087, P28321, P28737, P29704, P30624, P32191, P32266, P32368, P32564, P32792, P32939, P33448, P34222, P35180, P36017, P36060, P36101, P38169, P38295, P38297, P38325, P38342, P38555, P38626, P38756, P38825, P39102, P39707, P39722, P40008, P40015, P40458, P40471, P40478, P40515, P40582, P41800, P47025, P47031, P47154, P49334, P50110, P51996, P53083, P53206, P53252, P53326, P53507, P53969, P54783, P54861, P80967, Q02825, Q02863, Q03327, Q04228, Q04458, Q04675, Q04697, Q06089, Q06324, Q06510, Q07878, Q08176, Q08245, Q08926, Q12106, Q12230, Q12305, Q12374, Q12428, Q12452, Q3E6R5, Q3E798, Q3E828","POR1, P06197, RHO1, TOM70, SEC4, CHO1, DPM1, SAM35, OM45, NCP1, SEN2, P17898, MDM10, FUN14, VPS1, TOM40, ERG6, YJU3, MSP1, ERG9, FAA1, GUT2, MGM1, SAC1, SCM4, YSC83, YPT7, P33448, PTH2, TOM20, VPS21, MCR1, TCD2, BNA4, EHT1, FZO1, OM14, TSC10, YPT31, CBR1, TCD1, TOM71, XDJ1, SEN34, GEM1, FMP52, ISC1, ATG32, AYR1, POR2, FIS1, GTT1, MMM1, MDV1, IML2, STE24, TOM22, SAM37, YPT32, MDM34, YGR012W, PIL1, YGR266W, TOM7, SAM50, ALO1, P54861, TOM5, SEN54, UBP16, UGO1, UBX2, HFD1, Q04675, GSF2, YPR098C, MMR1, TAZ1, VPS13, MIM1, ZEO1, UIP4, MCP1, LSP1, RDL1, NCA2, PDH1, ERG27, YDR381C-A, MIM2, Q3E828",GO:0005741 (mitochondrial outer membrane); GO:0005742 (mitochondrial outer membrane translocase complex); GO:0070096 (mitochondrial outer membrane translocase complex assembly),91
44,Intramitochondrial membrane interactions,Mitochondrial dynamics and surveillance > Intramitochondrial membrane interactions,"P00128, P14907, P29547, P32266, P32830, P39925, P39952, P40341, P47065, P53212, Q03640, Q06109, Q06324, Q07878, Q12167, Q12315, Q12393","QCR7, NSP1, CAM1, MGM1, TIM12, AFG3, OXA1, YTA12, PET130, YGR021W, TCB3, RRG8, MMR1, VPS13, RRG1, GLE1, GEP5",GO:0005543 (phospholipid binding); GO:0097002 (mitochondrial inner boundary membrane); GO:0099617 (matrix side of mitochondrial inner membrane),17
45,CII subunits,OXPHOS > Complex II > CII subunits,"P21801, P33421, P37298, P47052, Q00711, Q06236, Q07540, Q08230","SDH2, SDH3, SDH4, YJL045W, SDH1, SHH4, YFH1, SDH5","GO:0006121 (mitochondrial electron transport, succinate to ubiquinone); GO:0008177 (succinate dehydrogenase (quinone) activity); GO:0045273 (respiratory chain complex II (succinate dehydrogenase))",8
46,CIII assembly factors,OXPHOS > Complex III > CIII assembly factors,"P00128, P07253, P14066, P21560, P22289, P32839, P37267, Q03429, Q08023, Q3E6R5","QCR7, CBP6, P14066, CBP3, QCR9, BCS1, CBP4, MZM1, FMP25, YDR381C-A",GO:0034551 (mitochondrial respiratory chain complex III assembly); GO:0061671 (Cbp3p-Cbp6 complex),10
47,Copper metabolism,Metabolism > Metals and cofactors > Copper metabolism,"P00445, P19516, P23833, P36064, P38072, P40035, P40202, Q12287, Q3E731, Q3E846","SOD1, COX11, SCO1, CMC1, SCO2, PIC2, CCS1, COX17, COX19, COA6",GO:0005375 (copper ion transmembrane transporter activity); GO:0005507 (copper ion binding); GO:0006825 (copper ion transport); GO:0006878 (intracellular copper ion homeostasis); GO:0016531 (copper chaperone activity); GO:0035434 (copper ion transmembrane transport); GO:1903136 (cuprous ion binding),10
48,Cardiolipin synthesis,Metabolism > Lipid metabolism > Cardiolipin synthesis,"P25578, P35200, P38221, P38812, P38880, P53230, P53264, Q05776, Q06510, Q07560, Q12204","PGS1, P35200, CDS1, GEP4, MDM31, TAM41, CLD1, Q05776, TAZ1, CRD1, YOR022C",GO:0004605 (phosphatidate cytidylyltransferase activity); GO:0008444 (CDP-diacylglycerol-glycerol-3-phosphate 3-phosphatidyltransferase activity); GO:0008962 (phosphatidylglycerophosphatase activity); GO:0032048 (cardiolipin metabolic process); GO:0032049 (cardiolipin biosynthetic process); GO:0035965 (cardiolipin acyl-chain remodeling); GO:0043337 (cardiolipin synthase (CMP-forming)); GO:1900208 (regulation of cardiolipin metabolic process),11
49,Respirasome assembly,OXPHOS > Respirasome assembly,"P32799, Q03713, Q06510, Q3E6R5","COX13, RCF1, TAZ1, YDR381C-A",GO:0097250 (mitochondrial respirasome assembly),4
50,Coenzyme Q metabolism,Metabolism > Metals and cofactors > Coenzyme Q metabolism,"O13525, P18900, P27680, P27697, P32378, P38797, P39940, P41735, P48360, P49017, P53318, Q04458, Q05779, Q05892, Q07807, Q08058, Q12184","COQ4, COQ1, COQ3, COQ8, COQ2, PTC7, RSP5, CAT5, ARH1, COQ5, COQ6, HFD1, COQ9, YLR290C, Q07807, COQ10, YAH1","GO:0000010 (heptaprenyl diphosphate synthase activity); GO:0006744 (ubiquinone biosynthetic process); GO:0008412 (4-hydroxybenzoate polyprenyltransferase activity); GO:0008425 (2-methoxy-6-polyprenyl-1,4-benzoquinol methyltransferase activity); GO:0010420 (polyprenyldihydroxybenzoate methyltransferase activity); GO:0010795 (regulation of ubiquinone biosynthetic process); GO:0018484 (4-hydroxybenzaldehyde dehydrogenase (NAD+) activity); GO:0061542 (3-demethylubiquinol 3-O-methyltransferase activity); GO:0106364 (4-hydroxy-3-all-trans-polyprenylbenzoate oxygenase activity); GO:1904775 (positive regulation of ubiquinone biosynthetic process)",17
51,Iron homeostasis,Signaling > Iron homeostasis,"P32598, P38880, Q07560, Q12171","GLC7, MDM31, CRD1, MDM32",GO:0006873 (intracellular monoatomic ion homeostasis),4
52,"Q-linked reactions, other","Metabolism > Electron carriers > Q-linked reactions, other","P00420, P04840, Q08058","COX3, POR1, COQ10",GO:0048039 (ubiquinone binding),3
53,Complex III,OXPHOS > Complex III,"P00127, P00128, P00163, P07143, P07256, P07257, P08067, P08525, P22289, P37299","QCR6, QCR7, P00163, CYT1, COR1, QCR2, RIP1, QCR8, QCR9, QCR10",GO:0045275 (respiratory chain complex III),10
54,CIII subunits,OXPHOS > Complex III > CIII subunits,"P00044, P00045, P00127, P00128, P00163, P07143, P07256, P07257, P08067, P08525, P22289, P37299, P39006","CYC1, CYC7, QCR6, QCR7, P00163, CYT1, COR1, QCR2, RIP1, QCR8, QCR9, QCR10, PSD1","GO:0006122 (mitochondrial electron transport, ubiquinol to cytochrome c); GO:0008121 (ubiquinol-cytochrome-c reductase activity)",13
55,Type II fatty acid synthesis,Metabolism > Lipid metabolism > Type II fatty acid synthesis,"P19097, P32874, P35731, P38071, P38295, P38790, P39940, Q12036, Q12283","FAS2, HFA1, OAR1, ETR1, EHT1, HTD2, RSP5, Q12036, MCT1",GO:0003989 (acetyl-CoA carboxylase activity); GO:0004314 ([acyl-carrier-protein] S-malonyltransferase activity); GO:0004315 (3-oxoacyl-[acyl-carrier-protein] synthase activity); GO:0004316 (3-oxoacyl-[acyl-carrier-protein] reductase (NADPH) activity); GO:0005835 (fatty acid synthase complex); GO:0006633 (fatty acid biosynthetic process); GO:0008897 (holo-[acyl-carrier-protein] synthase activity); GO:0019171 ((3R)-hydroxyacyl-[acyl-carrier-protein] dehydratase activity); GO:0031108 (holo-[acyl-carrier-protein] biosynthetic process); GO:0042759 (long-chain fatty acid biosynthetic process); GO:0045723 (positive regulation of fatty acid biosynthetic process); GO:0051792 (medium-chain fatty acid biosynthetic process),9
56,Import motor,"Protein import, sorting and homeostasis > Protein import and sorting > TIM23 presequence pathway > Import motor","P0CS90, P36147, P38523, P42834, P42949, Q01852, Q07914","SSC1, PAM17, MGE1, MDJ2, PAM16, TIM44, PAM18","GO:0001405 (PAM complex, Tim23 associated import motor)",7
57,TIM23 presequence pathway,"Protein import, sorting and homeostasis > Protein import and sorting > TIM23 presequence pathway","P07213, P0CS90, P14693, P23644, P32795, P32897, P33448, P35180, P36147, P38323, P38523, P39102, P39515, P39925, P42834, P42844, P42949, P49334, P50110, P53220, P53507, P53969, Q01852, Q02776, Q02889, Q07914","TOM70, SSC1, SAM35, TOM40, YME1, TIM23, P33448, TOM20, PAM17, MCX1, MGE1, XDJ1, TIM17, AFG3, MDJ2, ZIM17, PAM16, TOM22, SAM37, TIM21, TOM7, SAM50, TIM44, TIM50, MGR2, PAM18",GO:0005744 (TIM23 mitochondrial import inner membrane translocase complex); GO:0030150 (protein import into mitochondrial matrix),26
58,mt-tRNA modifications,Mitochondrial central dogma > mtRNA metabolism > mt-tRNA modifications,"P07884, P15565, P21269, P25374, P32559, P32579, P33893, P36101, P38626, P38756, P38793, P43122, P48567, P53070, P53088, P53167, P53260, P53294, P53720, Q03020, Q03557, Q04311, Q06244, Q08282, Q08686, Q12056, Q12069, Q12093","P07884, TRM1, CCA1, NFS1, MSS1, SUA5, PET112, TCD2, CBR1, TCD1, P38793, QRI7, PUS4, MTO1, P53088, PUS2, GTF1, PUS6, SMM1, ISU1, HER2, Q04311, Q06244, Q08282, TUM1, ISU2, PUS9, SLM3","GO:0001522 (pseudouridine synthesis); GO:0001680 (tRNA 3'-terminal CCA addition); GO:0002098 (tRNA wobble uridine modification); GO:0002143 (tRNA wobble position uridine thiolation); GO:0002926 (tRNA wobble base 5-methoxycarbonylmethyl-2-thiouridinylation); GO:0002939 (tRNA N1-guanine methylation); GO:0002949 (tRNA threonylcarbamoyladenosine modification); GO:0004730 (pseudouridylate synthase activity); GO:0004810 (CCA tRNA nucleotidyltransferase activity); GO:0006400 (tRNA modification); GO:0008175 (tRNA methyltransferase activity); GO:0009982 (pseudouridine synthase activity); GO:0017150 (tRNA dihydrouridine synthase activity); GO:0030488 (tRNA methylation); GO:0030956 (glutamyl-tRNA(Gln) amidotransferase complex); GO:0031119 (tRNA pseudouridine synthesis); GO:0031591 (wybutosine biosynthetic process); GO:0034227 (tRNA thio-modification); GO:0052381 (tRNA dimethylallyltransferase activity); GO:0052906 (tRNA (guanine(37)-N1)-methyltransferase activity); GO:0052927 (CC tRNA cytidylyltransferase activity); GO:0052929 (ATP:3'-cytidine-cytidine-tRNA adenylyltransferase activity); GO:0061503 (tRNA threonylcarbamoyladenosine dehydratase); GO:0061504 (cyclic threonylcarbamoyladenosine biosynthetic process); GO:0061708 (tRNA-5-taurinomethyluridine 2-sulfurtransferase); GO:0061710 (L-threonylcarbamoyladenylate synthase); GO:0061711 (N(6)-L-threonylcarbamoyladenine synthase activity); GO:0070525 (tRNA threonylcarbamoyladenosine metabolic process); GO:0070899 (mitochondrial tRNA wobble uridine modification); GO:0070901 (mitochondrial tRNA methylation); GO:0070903 (mitochondrial tRNA thio-modification); GO:0072670 (mitochondrial tRNA threonylcarbamoyladenosine modification); GO:0102264 (tRNA-dihydrouridine20 synthase activity); GO:0140101 (catalytic activity, acting on a tRNA); GO:0160103 (tRNA (guanine(26)-N2/guanine(27)-N2)-dimethyltransferase activity); GO:1990799 (mitochondrial tRNA wobble position uridine thiolation)",28
59,OXPHOS,OXPHOS,"P28239, P33311, P36139, P38172, P38702, P48569, Q01926, Q02783, Q02883, Q03829, Q04598, Q05648, Q06563, Q07349, Q12350, Q8TGM6, Q99373","PPA2, MDL2, PET10, YBL095W, LEU5, YDL183C, Q01926, Q02783, FMP30, YMR166C, YDR115W, YDR282C, SYM1, YDL027C, JID1, Q8TGM6, PET20",GO:0005743 (mitochondrial inner membrane); GO:0009060 (aerobic respiration); GO:0043457 (regulation of cellular respiration),17
60,Iron homeostasis,Metabolism > Metals and cofactors > Iron homeostasis,"P10566, P23500, P25374, P27882, P29509, P35999, P38988, P39724, P40416, P48360, P53193, P53320, Q02784, Q03020, Q03218, Q05931, Q07540, Q07821, Q08970, Q12056, Q12425, Q3E793","MRS3, MRS4, NFS1, ERV1, TRR1, OCT1, GGC1, AIM1, ATM1, ARH1, JAC1, MTM1, GRX5, ISU1, MMT1, SSQ1, YFH1, ISA1, MMT2, ISU2, ISA2, YAL044W-A",GO:0004322 (ferroxidase activity); GO:0005381 (iron ion transmembrane transporter activity); GO:0005506 (iron ion binding); GO:0006879 (intracellular iron ion homeostasis); GO:0008198 (ferrous iron binding); GO:0010040 (response to iron(II) ion); GO:0034986 (iron chaperone activity); GO:0048250 (iron import into the mitochondrion); GO:0140466 (iron-sulfur cluster export from the mitochondrion),22
61,mt-rRNA modifications,Mitochondrial central dogma > mtRNA metabolism > mt-rRNA modifications,"P25270, P26783, P36146, P39990, P53123, Q06244, Q08622, Q12069, Q12339","MRM1, RPS5, P36146, SNU13, MRM2, Q06244, GEP3, PUS9, Q12339",GO:0000154 (rRNA modification); GO:0000452 (snoRNA guided rRNA 2'-O-methylation); GO:0000455 (enzyme-directed rRNA pseudouridine synthesis); GO:0000470 (maturation of LSU-rRNA); GO:0008650 (rRNA (uridine-2'-O-)-methyltransferase activity); GO:0008989 (rRNA (guanine-N1-)-methyltransferase activity); GO:0030490 (maturation of SSU-rRNA); GO:0031167 (rRNA methylation); GO:0031428 (box C/D methylation guide snoRNP complex),9
62,mtRNA stability and decay,Mitochondrial central dogma > mtRNA metabolism > mtRNA stability and decay,"P01123, P05750, P07252, P07263, P07806, P08466, P20081, P22936, P25694, P26793, P32580, P36038, P38088, P38230, P39112, P39940, P40825, P46655, P53140, P53852, P54964, Q03153, Q12208","YPT1, RPS3, CBP1, HTS1, VAS1, NUC1, FPR1, APN1, CDC48, RAD27, SUV3, CBT1, GRS1, ZTA1, DSS1, RSP5, ALA1, P46655, RMD9, YNL247W, REX2, ATP25, USB1","GO:0000175 (3'-5'-RNA exonuclease activity); GO:0000957 (mitochondrial RNA catabolic process); GO:0000958 (mitochondrial mRNA catabolic process); GO:0003730 (mRNA 3'-UTR binding); GO:0004540 (RNA nuclease activity); GO:0006401 (RNA catabolic process); GO:0008081 (phosphoric diester hydrolase activity); GO:0008409 (5'-3' exonuclease activity); GO:0008859 (exoribonuclease II activity); GO:0035925 (mRNA 3'-UTR AU-rich region binding); GO:0043488 (regulation of mRNA stability); GO:0045025 (mitochondrial degradosome); GO:0048255 (mRNA stabilization); GO:0070651 (nonfunctional rRNA decay); GO:0070935 (3'-UTR-mediated mRNA stabilization); GO:1990261 (pre-mRNA catabolic process); GO:1990825 (sequence-specific mRNA binding); GO:1990838 (poly(U)-specific exoribonuclease activity, producing 3' uridine cyclic phosphate ends)",23
63,Polycistronic mtRNA processing,Mitochondrial central dogma > mtRNA metabolism > Polycistronic mtRNA processing,"P03874, P03875, P03879, P05756, P07266, P08593, P10834, P10849, P11325, P15424, P16658, P23615, P24720, P32048, P32344, P32580, P32606, P36038, P36146, P36159, P38701, P39707, P39940, P39990, P47065, P53140, P53720, P54964, Q02773, Q02825, Q04675, Q06109, Q12167, Q12339, Q12393, Q9ZZX1","CBP2, AI1, BI4, RPS13, MRS1, MSS18, PET54, MTF2, NAM2, MSS116, SEN2, SPT6, MNE1, MSK1, P32344, SUV3, PET127, CBT1, P36146, TRZ1, RPS20, SEN34, RSP5, SNU13, PET130, RMD9, SMM1, REX2, RPM2, SEN54, Q04675, RRG8, RRG1, Q12339, GEP5, AI5_ALPHA","GO:0000213 (tRNA-intron endonuclease activity); GO:0000214 (tRNA-intron endonuclease complex); GO:0000372 (Group I intron splicing); GO:0000379 (tRNA-type intron splice site recognition and cleavage); GO:0000447 (endonucleolytic cleavage in ITS1 to separate SSU-rRNA from 5.8S rRNA and LSU-rRNA from tricistronic rRNA transcript (SSU-rRNA, 5.8S rRNA, LSU-rRNA)); GO:0000448 (cleavage in ITS2 between 5.8S rRNA and LSU-rRNA of tricistronic rRNA transcript (SSU-rRNA, 5.8S rRNA, LSU-rRNA)); GO:0000462 (maturation of SSU-rRNA from tricistronic rRNA transcript (SSU-rRNA, 5.8S rRNA, LSU-rRNA)); GO:0000467 (exonucleolytic trimming to generate mature 3'-end of 5.8S rRNA from tricistronic rRNA transcript (SSU-rRNA, 5.8S rRNA, LSU-rRNA)); GO:0000472 (endonucleolytic cleavage to generate mature 5'-end of SSU-rRNA from (SSU-rRNA, 5.8S rRNA, LSU-rRNA)); GO:0000480 (endonucleolytic cleavage in 5'-ETS of tricistronic rRNA transcript (SSU-rRNA, 5.8S rRNA, LSU-rRNA)); GO:0000964 (mitochondrial RNA 5'-end processing); GO:0001682 (tRNA 5'-leader removal); GO:0006316 (movement of group I intron); GO:0006397 (mRNA processing); GO:0008033 (tRNA processing); GO:0030677 (ribonuclease P complex); GO:0030678 (mitochondrial ribonuclease P complex); GO:0031440 (regulation of mRNA 3'-end processing); GO:0042780 (tRNA 3'-end processing); GO:0042781 (3'-tRNA processing endoribonuclease activity); GO:0090615 (mitochondrial mRNA processing); GO:0090730 (Las1 complex); GO:0097745 (mitochondrial tRNA 5'-end processing); GO:1990180 (mitochondrial tRNA 3'-end processing); GO:2000235 (regulation of tRNA processing)",36
64,Mitochondrial ribosome assembly,Mitochondrial central dogma > Translation > Mitochondrial ribosome assembly,"O14464, P04456, P05750, P05756, P26783, P32344, P36056, P36146, P38860, P39990, P40513, P41805, P53166, Q03151, Q04748, Q12339","RTC6, RPL25, RPS3, RPS13, RPS5, P32344, RSM22, P36146, MTG2, SNU13, MAM33, RPL10, MRH4, MTG1, SOV1, Q12339","GO:0000027 (ribosomal large subunit assembly); GO:0030686 (90S preribosome); GO:0030687 (preribosome, large subunit precursor); GO:0030688 (preribosome, small subunit precursor); GO:0032040 (small-subunit processome); GO:0042254 (ribosome biogenesis); GO:0061668 (mitochondrial ribosome assembly); GO:0070181 (small ribosomal subunit rRNA binding); GO:0180026 (mitochondrial small ribosomal subunit assembly); GO:1902775 (mitochondrial large ribosomal subunit assembly)",16
65,Malate-aspartate shuttle,Metabolism > Carbohydrate metabolism > Malate-aspartate shuttle,"P23542, P32332, Q12482","AAT2, OAC1, AGC1",GO:0004069 (L-aspartate:2-oxoglutarate aminotransferase activity); GO:0015131 (oxaloacetate transmembrane transporter activity); GO:0015810 (aspartate transmembrane transport),3
66,TIM22 carrier pathway,"Protein import, sorting and homeostasis > Protein import and sorting > TIM22 carrier pathway","O74700, P32830, P33421, P47045, P87108, Q08749, Q12328","TIM9, TIM12, SDH3, TIM54, TIM10, Q08749, TIM22",GO:0042721 (TIM22 mitochondrial import inner membrane insertion complex),7
67,Fatty acid oxidation,Metabolism > Lipid metabolism > Fatty acid oxidation,"P27796, P28321, P30624, P32419, P32573, P36023, P38295, P39002, P40471, P41903, P47912, P53219, P53982, P54857, Q02207, Q04458","POT1, YJU3, FAA1, MDH3, SPS19, P36023, EHT1, FAA3, AYR1, TES1, FAA4, IMO32, IDP3, TGL2, FOX2, HFD1","GO:0001676 (long-chain fatty acid metabolic process); GO:0003857 (3-hydroxyacyl-CoA dehydrogenase activity); GO:0003988 (acetyl-CoA C-acyltransferase activity); GO:0004300 (enoyl-CoA hydratase activity); GO:0004467 (long-chain fatty acid-CoA ligase activity); GO:0004806 (triacylglycerol lipase activity); GO:0006081 (aldehyde metabolic process); GO:0006635 (fatty acid beta-oxidation); GO:0006641 (triglyceride metabolic process); GO:0008670 (2,4-dienoyl-CoA reductase (NADPH) activity); GO:0009062 (fatty acid catabolic process); GO:0019395 (fatty acid oxidation); GO:0019433 (triglyceride catabolic process); GO:0031956 (medium-chain fatty acid-CoA ligase activity); GO:0031957 (very long-chain fatty acid-CoA ligase activity); GO:0035336 (long-chain fatty-acyl-CoA metabolic process); GO:0044539 (long-chain fatty acid import into cell); GO:0047617 (fatty acyl-CoA hydrolase activity); GO:0051793 (medium-chain fatty acid catabolic process); GO:0071400 (cellular response to oleic acid)",16
68,ABC transporters,Small molecule transport > ABC transporters,P33310,MDL1,GO:0015421 (ABC-type oligopeptide transporter activity),1
69,Electron carriers,Metabolism > Electron carriers,P48360,ARH1,GO:0004324 (ferredoxin-NADP+ reductase activity),1
70,Proteases,"Protein import, sorting and homeostasis > Protein homeostasis > Proteases","P07267, P10507, P11914, P25294, P25375, P25573, P25694, P26309, P28321, P28627, P32329, P32454, P32795, P32898, P34222, P35999, P36037, P36163, P36775, P38295, P38821, P39925, P39940, P40051, P40341, P40354, P43616, P46972, P47154, P53259, P53867, Q01532, Q04228, Q04311, Q04472, Q05676, Q05930, Q06010, Q06524, Q10740","PEP4, MAS1, MAS2, SIS1, PRD1, MGR1, CDC48, CDC20, YJU3, IMP1, YPS1, APE2, YME1, CYM1, PTH2, OCT1, P36037, OMA1, PIM1, EHT1, APE4, AFG3, RSP5, ICP55, YTA12, NTA1, DUG1, IMP2, STE24, PCP1, P53867, LAP3, UBX2, Q04311, MGR3, SOM1, Q05930, STE23, Q06524, LAP2",GO:0000836 (Hrd1p ubiquitin ligase complex); GO:0004175 (endopeptidase activity); GO:0004176 (ATP-dependent peptidase activity); GO:0004177 (aminopeptidase activity); GO:0004190 (aspartic-type endopeptidase activity); GO:0004222 (metalloendopeptidase activity); GO:0004252 (serine-type endopeptidase activity); GO:0004842 (ubiquitin-protein transferase activity); GO:0005745 (m-AAA complex); GO:0006508 (proteolysis); GO:0008233 (peptidase activity); GO:0008234 (cysteine-type peptidase activity); GO:0008237 (metallopeptidase activity); GO:0008242 (omega peptidase activity); GO:0008418 (protein-N-terminal asparagine amidohydrolase activity); GO:0010997 (anaphase-promoting complex binding); GO:0017171 (serine hydrolase activity); GO:0030163 (protein catabolic process); GO:0031146 (SCF-dependent proteasomal ubiquitin-dependent protein catabolic process); GO:0031942 (i-AAA complex); GO:0032435 (negative regulation of proteasomal ubiquitin-dependent protein catabolic process); GO:0033619 (membrane protein proteolysis); GO:0035694 (mitochondrial protein catabolic process); GO:0036266 (Cdc48p-Npl4p-Vms1p AAA ATPase complex); GO:0042720 (mitochondrial inner membrane peptidase complex); GO:0043161 (proteasome-mediated ubiquitin-dependent protein catabolic process); GO:0043162 (ubiquitin-dependent protein catabolic process via the multivesicular body sorting pathway); GO:0043171 (peptide catabolic process); GO:0051603 (proteolysis involved in protein catabolic process); GO:0061133 (endopeptidase activator activity); GO:0061630 (ubiquitin protein ligase activity); GO:0070006 (metalloaminopeptidase activity); GO:0070573 (metallodipeptidase activity); GO:0070773 (protein-N-terminal glutamine amidohydrolase activity); GO:0071586 (CAAX-box protein processing); GO:0072671 (mitochondria-associated ubiquitin-dependent protein catabolic process); GO:0120174 (stress-induced homeostatically regulated protein degradation pathway),40
71,OXPHOS assembly factors,OXPHOS > OXPHOS assembly factors,"O60200, P36038, P36163, P36775, P38824, Q05676, Q05809, Q3E7A4","MDM35, CBT1, OMA1, PIM1, COX23, SOM1, COA4, CMC2",GO:0017004 (cytochrome complex assembly); GO:0033108 (mitochondrial respiratory chain complex assembly),8
72,Vitamin B2 metabolism,Metabolism > Vitamin metabolism > Vitamin B2 metabolism,"P38075, P50861, Q03778, Q08230, Q99258","PDX3, RIB4, Q03778, SDH5, RIB3","GO:0000906 (6,7-dimethyl-8-ribityllumazine synthase activity); GO:0008531 (riboflavin kinase activity); GO:0008686 (3,4-dihydroxy-2-butanone-4-phosphate synthase activity); GO:0009231 (riboflavin biosynthetic process); GO:0009398 (FMN biosynthetic process); GO:0010181 (FMN binding); GO:0017013 (protein flavinylation); GO:0018293 (protein-FAD linkage)",5
73,Proline metabolism,Metabolism > Amino acid metabolism > Proline metabolism,"P07275, P09368, P43557, Q05867","PUT2, P09368, FMP32, YLR283W",GO:0004657 (proline dehydrogenase activity); GO:0010133 (proline catabolic process to glutamate); GO:2000214 (regulation of proline metabolic process),4
74,Preprotein cleavage,"Protein import, sorting and homeostasis > Protein import and sorting > Preprotein cleavage","P10507, P11914, P28627, P35999, P39006, P39925, P40341, P46972, P53259, Q05676","MAS1, MAS2, IMP1, OCT1, PSD1, AFG3, YTA12, IMP2, PCP1, SOM1",GO:0006465 (signal peptide processing); GO:0006627 (protein processing involved in protein targeting to mitochondrion); GO:0016540 (protein autoprocessing); GO:0017087 (mitochondrial processing peptidase complex),10
75,Fe-S cluster biosynthesis,Metabolism > Metals and cofactors > Fe-S cluster biosynthesis,"P25374, P32463, P32860, P36152, P39724, P40416, P53193, Q02784, Q03020, Q05931, Q06892, Q07540, Q07821, Q12056, Q12181, Q12184, Q12425, Q3E785, Q3E793, Q6Q560","NFS1, ACP1, NFU1, P36152, AIM1, ATM1, JAC1, GRX5, ISU1, SSQ1, POS5, YFH1, ISA1, ISU2, Q12181, YAH1, ISA2, SDH6, YAL044W-A, ISD11",GO:0016226 (iron-sulfur cluster assembly); GO:0031071 (cysteine desulfurase activity); GO:0044571 ([2Fe-2S] cluster assembly); GO:0044572 ([4Fe-4S] cluster assembly); GO:0097361 (cytosolic [4Fe-4S] assembly targeting complex); GO:0099128 (mitochondrial [2Fe-2S] assembly complex); GO:1990221 (L-cysteine desulfurase complex); GO:1990229 (iron-sulfur cluster assembly complex),20
76,Vitamin B1 metabolism,Metabolism > Vitamin metabolism > Vitamin B1 metabolism,P53257,TPC1,GO:0090422 (thiamine pyrophosphate transmembrane transporter activity),1
77,Folate and 1-C metabolism,Metabolism > Vitamin metabolism > Folate and 1-C metabolism,"P05694, P07807, P09440, P32771, P36059, P37292, P39726, P40099, P48015, P49017, P49095, P53848, P53944, Q01532, Q08645, Q12029, Q12676","MET6, DFR1, MIS1, P32771, YKL151C, SHM1, GCV3, FAU1, GCV1, COQ5, GCV2, FOL1, P53944, LAP3, MET7, FSF1, FOL3",GO:0003871 (5-methyltetrahydropteroyltriglutamate-homocysteine S-methyltransferase activity); GO:0004146 (dihydrofolate reductase activity); GO:0004156 (dihydropteroate synthase activity); GO:0004326 (tetrahydrofolylpolyglutamate synthase activity); GO:0004329 (formate-tetrahydrofolate ligase activity); GO:0004372 (glycine hydroxymethyltransferase activity); GO:0004477 (methenyltetrahydrofolate cyclohydrolase activity); GO:0004488 (methylenetetrahydrofolate dehydrogenase (NADP+) activity); GO:0006730 (one-carbon metabolic process); GO:0008757 (S-adenosylmethionine-dependent methyltransferase activity); GO:0008841 (dihydrofolate synthase activity); GO:0009396 (folic acid-containing compound biosynthetic process); GO:0030272 (5-formyltetrahydrofolate cyclo-ligase activity); GO:0032259 (methylation); GO:0043418 (homocysteine catabolic process); GO:0046294 (formaldehyde catabolic process); GO:0046452 (dihydrofolate metabolic process); GO:0046654 (tetrahydrofolate biosynthetic process); GO:0046656 (folic acid biosynthetic process); GO:0047453 (ATP-dependent NAD(P)H-hydrate dehydratase activity),17
78,Import motor,"Protein import, sorting and homeostasis > Protein import and sorting > Import motor","P0CS90, P16474","SSC1, KAR2",GO:0008566 (mitochondrial protein-transporting ATPase activity); GO:0015450 (protein-transporting ATPase activity),2
79,Carnitine shuttle,Metabolism > Metals and cofactors > Carnitine shuttle,"P32796, Q12289","CAT2, CRC1",GO:0004092 (carnitine O-acetyltransferase activity); GO:0005476 (carnitine:O-acyl-L-carnitine antiporter activity),2
80,Carnitine synthesis and transport,Metabolism > Metals and cofactors > Carnitine synthesis and transport,"P32796, P80235, Q12289","CAT2, P80235, CRC1",GO:0009437 (carnitine metabolic process); GO:1902603 (carnitine transmembrane transport),3
81,Mitochondrial permeability transition pore,Signaling > Calcium homeostasis > Mitochondrial permeability transition pore,"P14832, Q02776","CPR1, TIM50",GO:0016018 (cyclosporin A binding); GO:0046902 (regulation of mitochondrial membrane permeability),2
82,Fe-S-containing proteins,Metabolism > Metals and cofactors > Fe-S-containing proteins,"P19414, P36046, P36056, P36152, Q02784, Q12184","ACO1, MIA40, RSM22, P36152, GRX5, YAH1","GO:0051536 (iron-sulfur cluster binding); GO:0051537 (2 iron, 2 sulfur cluster binding); GO:0051539 (4 iron, 4 sulfur cluster binding)",6
83,Nucleotide synthesis and processing,Metabolism > Nucleotide metabolism > Nucleotide synthesis and processing,"P07170, P12689, P15454, P26364, P27616, P36010, P43122, P49775, P53088, Q01976, Q04344, Q12208, Q12524","ADK1, P12689, GUK1, P26364, ADE1, YNK1, QRI7, HNT2, P53088, YSA1, HNT1, USB1, PCD1","GO:0004385 (guanylate kinase activity); GO:0004550 (nucleoside diphosphate kinase activity); GO:0004639 (phosphoribosylaminoimidazolesuccinocarboxamide synthase activity); GO:0006164 (purine nucleotide biosynthetic process); GO:0006172 (ADP biosynthetic process); GO:0006189 ('de novo' IMP biosynthetic process); GO:0008252 (nucleotidase activity); GO:0008413 (8-oxo-7,8-dihydroguanosine triphosphate pyrophosphatase activity); GO:0008663 (2',3'-cyclic-nucleotide 2'-phosphodiesterase activity); GO:0009117 (nucleotide metabolic process); GO:0009142 (nucleoside triphosphate biosynthetic process); GO:0009164 (nucleoside catabolic process); GO:0016779 (nucleotidyltransferase activity); GO:0017111 (ribonucleoside triphosphate phosphatase activity); GO:0017125 (deoxycytidyl transferase activity); GO:0019693 (ribose phosphate metabolic process); GO:0043530 (adenosine 5'-monophosphoramidase activity); GO:0046711 (GDP biosynthetic process); GO:0046899 (nucleoside triphosphate adenylate kinase activity); GO:0047631 (ADP-ribose diphosphatase activity)",13
84,SAM,"Protein import, sorting and homeostasis > Protein import and sorting > SAM","P07213, P14693, P18409, P23644, P33448, P35180, P41800, P49334, P50110, P53507, P53969, P80967, Q08176, Q3E798, Q3E828","TOM70, SAM35, MDM10, TOM40, P33448, TOM20, MMM1, TOM22, SAM37, TOM7, SAM50, TOM5, MIM1, MIM2, Q3E828",GO:0001401 (SAM complex); GO:0045040 (protein insertion into mitochondrial outer membrane),15
85,Apoptosis,Mitochondrial dynamics and surveillance > Apoptosis,"P25349, P36152, P38234, Q12335","YCP4, P36152, RFS1, PST2",GO:0160020 (positive regulation of ferroptosis); GO:1901299 (negative regulation of hydrogen peroxide-mediated programmed cell death),4
86,Vitamin C metabolism,Metabolism > Vitamin metabolism > Vitamin C metabolism,P54783,ALO1,"GO:0003885 (D-arabinono-1,4-lactone oxidase activity); GO:0070485 (dehydro-D-arabinono-1,4-lactone biosynthetic process)",1
87,Cytochrome C,OXPHOS > Cytochrome C,"P06182, Q00873","CYC3, CYT2",GO:0004408 (holocytochrome-c synthase activity),2
88,Sulfur metabolism,Metabolism > Sulfur metabolism,"P00445, P17106, P22803, Q08686, Q08742, Q12305","SOD1, P17106, TRX2, TUM1, RDL2, RDL1","GO:0000103 (sulfate assimilation); GO:0004792 (thiosulfate-cyanide sulfurtransferase activity); GO:0006790 (sulfur compound metabolic process); GO:0016670 (oxidoreductase activity, acting on a sulfur group of donors, oxygen as acceptor); GO:0089713 (Cbf1-Met4-Met28 complex); GO:1900059 (positive regulation of sulfate assimilation)",6
89,Vitamin B6 metabolism,Metabolism > Vitamin metabolism > Vitamin B6 metabolism,"P38075, P52893, P53320, Q12486","PDX3, ALT1, MTM1, YOR131C",GO:0004733 (pyridoxamine phosphate oxidase activity); GO:0030170 (pyridoxal phosphate binding); GO:0033883 (pyridoxal phosphatase activity),4
90,Cytochromes,Metabolism > Electron carriers > Cytochromes,"P16603, P36060, P38626","NCP1, MCR1, CBR1","GO:0003958 (NADPH-hemoprotein reductase activity); GO:0004128 (cytochrome-b5 reductase activity, acting on NAD(P)H)",3
91,Mitochondrial dynamics and surveillance,Mitochondrial dynamics and surveillance,"P23180, P36126, P38079, P38216, P38250, P38631, P39717, P40031, P40169, P54003, Q03559, Q04406, Q04439, Q04922, Q06169, Q06668, Q07651, Q07653, Q12207, Q12402, Q12489","AIM17, SPO14, YRO2, YBR016W, IST2, FKS1, P39717, SPO73, YNL194C, SUR7, YMR295C, EMI1, MYO5, Q04922, PEX30, OMS1, FMP45, HBT1, NCE102, YOP1, YDL012C",GO:0000753 (cell morphogenesis involved in conjugation with cellular fusion); GO:0005740 (mitochondrial envelope); GO:0005933 (cellular bud); GO:0007005 (mitochondrion organization); GO:0030437 (ascospore formation); GO:0033101 (cellular bud membrane),21
92,mt-mRNA modifications,Mitochondrial central dogma > mtRNA metabolism > mt-mRNA modifications,"P32598, P48567, P53167","GLC7, PUS4, PUS2",GO:0005847 (mRNA cleavage and polyadenylation specificity factor complex); GO:1990481 (mRNA pseudouridine synthesis),3
93,Urea cycle,Metabolism > Amino acid metabolism > Urea cycle,"P07991, P18544, P22768, P39940, P40360, Q01217, Q04728, Q12375","CAR2, ARG8, ARG1, RSP5, ARG2, ARG5,6, ARG7, ORT1",GO:0000064 (L-ornithine transmembrane transporter activity); GO:0003991 (acetylglutamate kinase activity); GO:0003992 (N2-acetyl-L-ornithine:2-oxoglutarate 5-aminotransferase activity); GO:0004042 (L-glutamate N-acetyltransferase activity); GO:0004055 (argininosuccinate synthase activity); GO:0004587 (ornithine aminotransferase activity); GO:0006526 (L-arginine biosynthetic process); GO:0006591 (ornithine metabolic process); GO:0006592 (ornithine biosynthetic process); GO:0106098 (NAGS/NAGK complex); GO:1903577 (cellular response to L-arginine),8
94,NAD biosynthesis and metabolism,Metabolism > Metals and cofactors > NAD biosynthesis and metabolism,"P31116, P36059, P38169, P40165, P46367, P54115, Q06892","HOM6, YKL151C, BNA4, YNL200C, ALD4, ALD6, POS5",GO:0006740 (NADPH regeneration); GO:0006741 (NADP biosynthetic process); GO:0019674 (NAD metabolic process); GO:0034354 ('de novo' NAD biosynthetic process from L-tryptophan); GO:0042736 (NADH kinase activity); GO:0046496 (nicotinamide nucleotide metabolic process); GO:0052856 (NAD(P)HX epimerase activity); GO:0070403 (NAD+ binding),7
95,Kynurenine metabolism,Metabolism > Amino acid metabolism > Kynurenine metabolism,"P38169, P47039","BNA4, BNA3",GO:0004502 (kynurenine 3-monooxygenase activity); GO:0016212 (kynurenine-oxoglutarate transaminase activity); GO:0034276 (kynurenic acid biosynthetic process); GO:0070189 (kynurenine metabolic process),2
96,Glycerol phosphate shuttle,Metabolism > Carbohydrate metabolism > Glycerol phosphate shuttle,"P32190, P32191, P41911, P53154","GUT1, GUT2, GPD2, P53154",GO:0004368 (glycerol-3-phosphate dehydrogenase (quinone) activity); GO:0004370 (glycerol kinase activity); GO:0006071 (glycerol metabolic process); GO:0015793 (glycerol transmembrane transport); GO:0019563 (glycerol catabolic process); GO:0047952 (glycerol-3-phosphate dehydrogenase [NAD(P)+] activity),4
97,Propanoate metabolism,Metabolism > Carbohydrate metabolism > Propanoate metabolism,"P43635, Q12031, Q12428","CIT3, ICL2, PDH1","GO:0019541 (propionate metabolic process); GO:0019629 (propionate catabolic process, 2-methylcitrate cycle); GO:0046421 (methylisocitrate lyase activity); GO:0050440 (2-methylcitrate synthase activity)",3
98,mt-tRNA synthetases,Mitochondrial central dogma > Translation > mt-tRNA synthetases,"P04803, P07236, P07263, P07806, P08425, P11325, P15179, P22438, P25345, P32048, P33893, P38088, P38705, P40825, P46655, P46672, P48527, P53260, P53852, Q03557","MSW1, MST1, HTS1, VAS1, MSF1, NAM2, MSD1, MSM1, SLM5, MSK1, PET112, GRS1, DIA4, ALA1, P46655, ARC1, MSY1, GTF1, YNL247W, HER2",GO:0004812 (aminoacyl-tRNA ligase activity); GO:0004813 (alanine-tRNA ligase activity); GO:0004815 (aspartate-tRNA ligase activity); GO:0004816 (asparagine-tRNA ligase activity); GO:0004817 (cysteine-tRNA ligase activity); GO:0004818 (glutamate-tRNA ligase activity); GO:0004820 (glycine-tRNA ligase activity); GO:0004823 (leucine-tRNA ligase activity); GO:0004824 (lysine-tRNA ligase activity); GO:0004825 (methionine-tRNA ligase activity); GO:0004826 (phenylalanine-tRNA ligase activity); GO:0004828 (serine-tRNA ligase activity); GO:0004829 (threonine-tRNA ligase activity); GO:0004830 (tryptophan-tRNA ligase activity); GO:0004831 (tyrosine-tRNA ligase activity); GO:0004832 (valine-tRNA ligase activity); GO:0006418 (tRNA aminoacylation for protein translation); GO:0006419 (alanyl-tRNA aminoacylation); GO:0006421 (asparaginyl-tRNA aminoacylation); GO:0006423 (cysteinyl-tRNA aminoacylation); GO:0006424 (glutamyl-tRNA aminoacylation); GO:0006426 (glycyl-tRNA aminoacylation); GO:0006427 (histidyl-tRNA aminoacylation); GO:0006429 (leucyl-tRNA aminoacylation); GO:0006431 (methionyl-tRNA aminoacylation); GO:0006432 (phenylalanyl-tRNA aminoacylation); GO:0006438 (valyl-tRNA aminoacylation); GO:0017102 (methionyl glutamyl tRNA synthetase complex); GO:0050567 (glutaminyl-tRNA synthase (glutamine-hydrolyzing) activity); GO:0070145 (mitochondrial asparaginyl-tRNA aminoacylation); GO:0070146 (mitochondrial aspartyl-tRNA aminoacylation); GO:0070150 (mitochondrial glycyl-tRNA aminoacylation); GO:0070154 (mitochondrial lysyl-tRNA aminoacylation); GO:0070156 (mitochondrial phenylalanyl-tRNA aminoacylation); GO:0070158 (mitochondrial seryl-tRNA aminoacylation); GO:0070159 (mitochondrial threonyl-tRNA aminoacylation); GO:0070183 (mitochondrial tryptophanyl-tRNA aminoacylation); GO:0070184 (mitochondrial tyrosyl-tRNA aminoacylation); GO:0070681 (glutaminyl-tRNAGln biosynthesis via transamidation),20
99,Complex II,OXPHOS > Complex II,P38345,SDH8,GO:1904231 (positive regulation of succinate dehydrogenase activity),1
100,mtDNA modifications,Mitochondrial central dogma > mtDNA maintenance > mtDNA modifications,"P03876, P03878, P03882","AI2, AI4, SCEI",GO:0006314 (intron homing),3
101,Ketone metabolism,Metabolism > Carbohydrate metabolism > Ketone metabolism,"P32316, Q07551","ACH1, YDL124W",GO:0008775 (acetate CoA-transferase activity); GO:0042180 (ketone metabolic process),2
102,Lipoate insertion,Metabolism > Lipid metabolism > Lipoate insertion,"P32463, P39726","ACP1, GCV3",GO:0009107 (lipoate biosynthetic process); GO:0031405 (lipoic acid binding),2
103,Nucleotide import,Metabolism > Nucleotide metabolism > Nucleotide import,"P38127, P38988","RIM2, GGC1",GO:0001409 (guanine nucleotide transmembrane transporter activity); GO:0006864 (pyrimidine nucleotide transport); GO:0015218 (pyrimidine nucleotide transmembrane transporter activity),2
104,Calcium uniporter,Small molecule transport > Calcium uniporter,Q12482,AGC1,GO:0015292 (uniporter activity),1
105,Vitamin B2 metabolism,Mitochondrial central dogma > Metabolism > Vitamin metabolism > Vitamin B2 metabolism,P21375,OSM1,GO:0046443 (FAD metabolic process),1
106,Mitochondrial central dogma,Mitochondrial central dogma,Q06005,LIP2,GO:0016874 (ligase activity),1
107,Lysine metabolism,Metabolism > Amino acid metabolism > Lysine metabolism,"P40495, P47039, P49367","LYS12, BNA3, LYS4",GO:0019878 (lysine biosynthetic process via aminoadipic acid); GO:0047046 (homoisocitrate dehydrogenase activity); GO:0047536 (2-aminoadipate transaminase activity),3
108,fMet processing,Mitochondrial central dogma > Translation > fMet processing,P32785,FMT1,GO:0004479 (methionyl-tRNA formyltransferase activity); GO:0071951 (conversion of methionyl-tRNA to N-formyl-methionyl-tRNA),1
109,CV subunits,OXPHOS > Complex V > CV subunits,"P01098, Q02630","STF1, NUP116",GO:0051117 (ATPase binding),2
